Articles,Total Words,Frequency
Article1,22,0
Article2,8,0
Article3,25,0
Article4,27,0
Article5,20,0
Article6,18,0
Article7,24,0
Article8,28,0
Article9,3,0
Article10,13,0
Article11,19,0
Article12,20,0
Article13,16,0
Article14,23,0
Article15,3,0
Article16,15,0
Article17,16,0
Article18,23,0
Article19,19,0
Article20,21,0
Article21,11,0
Article22,21,0
Article23,14,0
Article24,23,0
Article25,26,0
Article26,19,0
Article27,18,0
Article28,20,0
Article29,23,0
Article30,8,0
Article31,11,0
Article32,19,0
Article33,19,0
Article34,23,0
Article35,22,0
Article36,21,0
Article37,20,0
Article38,27,0
Article39,27,0
Article40,24,0
Article41,26,0
Article42,15,0
Article43,8,0
Article44,8,0
Article45,6,0
Article46,15,0
Article47,23,0
Article48,15,0
Article49,18,0
Article50,8,0
Article51,11,0
Article52,19,0
Article53,22,0
Article54,21,0
Article55,16,0
Article56,3,0
Article57,20,0
Article58,22,0
Article59,8,0
Article60,8,0
Article61,8,0
Article62,25,0
Article63,21,0
Article64,21,0
Article65,24,0
Article66,24,0
Article67,8,0
Article68,19,0
Article69,3,0
Article70,19,0
Article71,21,0
Article72,12,0
Article73,24,0
Article74,20,0
Article75,24,0
Article76,20,0
Article77,15,0
Article78,21,0
Article79,20,0
Article80,8,0
Article81,18,0
Article82,18,0
Article83,6,0
Article84,23,0
Article85,8,0
Article86,12,0
Article87,12,0
Article88,8,0
Article89,12,0
Article90,21,0
Article91,19,0
Article92,21,0
Article93,22,0
Article94,11,0
Article95,22,0
Article96,16,0
Article97,25,0
Article98,22,0
Article99,23,0
Article100,21,0
Article101,22,0
Article102,8,0
Article103,25,0
Article104,27,0
Article105,20,0
Article106,18,0
Article107,24,0
Article108,3,0
Article109,13,0
Article110,19,0
Article111,20,0
Article112,16,0
Article113,23,0
Article114,3,0
Article115,15,0
Article116,16,0
Article117,23,0
Article118,19,0
Article119,21,0
Article120,11,0
Article121,21,0
Article122,14,0
Article123,23,0
Article124,26,0
Article125,19,0
Article126,18,0
Article127,20,0
Article128,23,0
Article129,8,0
Article130,11,0
Article131,19,0
Article132,19,0
Article133,23,0
Article134,22,0
Article135,21,0
Article136,20,0
Article137,27,0
Article138,27,0
Article139,24,0
Article140,26,0
Article141,15,0
Article142,8,0
Article143,8,0
Article144,6,0
Article145,15,0
Article146,23,0
Article147,15,0
Article148,18,0
Article149,8,0
Article150,11,0
Article151,19,0
Article152,22,0
Article153,21,0
Article154,16,0
Article155,3,0
Article156,20,0
Article157,22,0
Article158,8,0
Article159,8,0
Article160,8,0
Article161,25,0
Article162,21,0
Article163,21,0
Article164,24,0
Article165,24,0
Article166,8,0
Article167,19,0
Article168,3,0
Article169,19,0
Article170,21,0
Article171,12,0
Article172,24,0
Article173,20,0
Article174,24,0
Article175,20,0
Article176,15,0
Article177,21,0
Article178,20,0
Article179,8,0
Article180,18,0
Article181,18,0
Article182,6,0
Article183,23,0
Article184,8,0
Article185,12,0
Article186,12,0
Article187,8,0
Article188,12,0
Article189,21,0
Article190,19,0
Article191,21,0
Article192,22,0
Article193,11,0
Article194,22,0
Article195,16,0
Article196,25,0
Article197,22,0
Article198,23,0
Article199,21,0
Article200,21,0
Article201,22,0
Article202,8,0
Article203,25,0
Article204,27,0
Article205,20,0
Article206,18,0
Article207,24,0
Article208,3,0
Article209,13,0
Article210,19,0
Article211,20,0
Article212,16,0
Article213,23,0
Article214,3,0
Article215,15,0
Article216,16,0
Article217,23,0
Article218,19,0
Article219,21,0
Article220,11,0
Article221,21,0
Article222,14,0
Article223,23,0
Article224,26,0
Article225,19,0
Article226,18,0
Article227,20,0
Article228,23,0
Article229,8,0
Article230,11,0
Article231,19,0
Article232,19,0
Article233,23,0
Article234,22,0
Article235,21,0
Article236,20,0
Article237,27,0
Article238,27,0
Article239,24,0
Article240,26,0
Article241,15,0
Article242,8,0
Article243,8,0
Article244,6,0
Article245,15,0
Article246,23,0
Article247,15,0
Article248,18,0
Article249,8,0
Article250,11,0
Article251,19,0
Article252,22,0
Article253,21,0
Article254,16,0
Article255,3,0
Article256,20,0
Article257,22,0
Article258,8,0
Article259,8,0
Article260,8,0
Article261,25,0
Article262,21,0
Article263,21,0
Article264,24,0
Article265,24,0
Article266,8,0
Article267,19,0
Article268,3,0
Article269,19,0
Article270,21,0
Article271,12,0
Article272,24,0
Article273,20,0
Article274,24,0
Article275,20,0
Article276,15,0
Article277,21,0
Article278,20,0
Article279,8,0
Article280,18,0
Article281,18,0
Article282,6,0
Article283,23,0
Article284,8,0
Article285,12,0
Article286,12,0
Article287,8,0
Article288,12,0
Article289,21,0
Article290,19,0
Article291,21,0
Article292,22,0
Article293,11,0
Article294,22,0
Article295,16,0
Article296,25,0
Article297,22,0
Article298,23,0
Article299,21,0
Article300,21,0
Article301,8,0
Article302,26,0
Article303,8,0
Article304,19,0
Article305,10,0
Article306,23,0
Article307,21,0
Article308,17,0
Article309,18,0
Article310,18,0
Article311,23,0
Article312,20,0
Article313,10,0
Article314,21,0
Article315,15,0
Article316,23,0
Article317,20,0
Article318,19,0
Article319,22,0
Article320,21,0
Article321,15,0
Article322,20,0
Article323,26,0
Article324,12,0
Article325,21,0
Article326,16,0
Article327,11,0
Article328,26,0
Article329,21,0
Article330,19,0
Article331,25,0
Article332,25,0
Article333,25,0
Article334,8,0
Article335,21,0
Article336,20,0
Article337,24,0
Article338,17,0
Article339,22,0
Article340,24,0
Article341,18,0
Article342,20,0
Article343,3,0
Article344,23,0
Article345,24,0
Article346,18,0
Article347,3,0
Article348,14,0
Article349,24,0
Article350,13,0
Article351,25,0
Article352,18,0
Article353,0,0
Article354,24,0
Article355,20,0
Article356,19,0
Article357,20,0
Article358,20,0
Article359,28,0
Article360,12,0
Article361,16,0
Article362,24,0
Article363,19,0
Article364,24,0
Article365,25,0
Article366,13,0
Article367,20,0
Article368,21,0
Article369,19,0
Article370,9,0
Article371,20,0
Article372,19,0
Article373,6,0
Article374,12,0
Article375,18,0
Article376,19,0
Article377,23,0
Article378,26,0
Article379,19,0
Article380,15,0
Article381,19,0
Article382,16,0
Article383,22,0
Article384,14,0
Article385,22,0
Article386,27,0
Article387,23,0
Article388,4,0
Article389,22,0
Article390,17,0
Article391,8,0
Article392,20,0
Article393,4,0
Article394,12,0
Article395,15,0
Article396,3,0
Article397,26,0
Article398,22,0
Article399,2,0
Article400,16,0
Article401,8,0
Article402,26,0
Article403,8,0
Article404,19,0
Article405,10,0
Article406,23,0
Article407,21,0
Article408,17,0
Article409,18,0
Article410,18,0
Article411,23,0
Article412,20,0
Article413,10,0
Article414,21,0
Article415,15,0
Article416,23,0
Article417,20,0
Article418,19,0
Article419,22,0
Article420,21,0
Article421,15,0
Article422,20,0
Article423,26,0
Article424,12,0
Article425,21,0
Article426,16,0
Article427,11,0
Article428,26,0
Article429,21,0
Article430,19,0
Article431,25,0
Article432,25,0
Article433,25,0
Article434,8,0
Article435,21,0
Article436,20,0
Article437,24,0
Article438,17,0
Article439,22,0
Article440,24,0
Article441,18,0
Article442,20,0
Article443,3,0
Article444,23,0
Article445,24,0
Article446,18,0
Article447,3,0
Article448,14,0
Article449,24,0
Article450,13,0
Article451,25,0
Article452,18,0
Article453,0,0
Article454,24,0
Article455,20,0
Article456,19,0
Article457,20,0
Article458,20,0
Article459,28,0
Article460,12,0
Article461,16,0
Article462,24,0
Article463,19,0
Article464,24,0
Article465,25,0
Article466,13,0
Article467,20,0
Article468,21,0
Article469,19,0
Article470,9,0
Article471,20,0
Article472,19,0
Article473,6,0
Article474,12,0
Article475,18,0
Article476,19,0
Article477,23,0
Article478,26,0
Article479,19,0
Article480,15,0
Article481,19,0
Article482,16,0
Article483,22,0
Article484,14,0
Article485,22,0
Article486,27,0
Article487,23,0
Article488,4,0
Article489,22,0
Article490,17,0
Article491,8,0
Article492,20,0
Article493,4,0
Article494,12,0
Article495,15,0
Article496,3,0
Article497,26,0
Article498,22,0
Article499,2,0
Article500,16,0
Article501,20,0
Article502,21,0
Article503,8,0
Article504,18,0
Article505,25,0
Article506,21,0
Article507,20,0
Article508,3,0
Article509,25,0
Article510,10,0
Article511,17,0
Article512,12,0
Article513,21,0
Article514,18,0
Article515,22,0
Article516,19,0
Article517,23,0
Article518,22,0
Article519,20,0
Article520,17,0
Article521,19,0
Article522,20,0
Article523,22,0
Article524,22,0
Article525,18,0
Article526,18,0
Article527,19,0
Article528,21,0
Article529,8,0
Article530,24,0
Article531,17,0
Article532,18,0
Article533,25,0
Article534,13,0
Article535,18,0
Article536,19,0
Article537,19,0
Article538,17,0
Article539,24,0
Article540,18,0
Article541,20,0
Article542,18,0
Article543,23,0
Article544,3,0
Article545,11,0
Article546,22,0
Article547,25,0
Article548,19,0
Article549,14,0
Article550,21,0
Article551,28,0
Article552,22,0
Article553,22,0
Article554,7,0
Article555,8,0
Article556,22,0
Article557,27,0
Article558,9,0
Article559,21,0
Article560,12,0
Article561,20,0
Article562,26,0
Article563,18,0
Article564,19,0
Article565,13,0
Article566,19,0
Article567,21,0
Article568,16,0
Article569,18,0
Article570,23,0
Article571,9,0
Article572,23,0
Article573,18,0
Article574,20,0
Article575,14,0
Article576,20,0
Article577,21,0
Article578,13,0
Article579,20,0
Article580,22,0
Article581,14,0
Article582,24,0
Article583,17,0
Article584,21,0
Article585,17,0
Article586,14,0
Article587,22,0
Article588,21,0
Article589,28,0
Article590,11,0
Article591,9,0
Article592,17,0
Article593,17,0
Article594,22,0
Article595,17,0
Article596,21,0
Article597,21,0
Article598,20,0
Article599,21,0
Article600,18,0
Article601,20,0
Article602,21,0
Article603,8,0
Article604,18,0
Article605,25,0
Article606,21,0
Article607,20,0
Article608,3,0
Article609,25,0
Article610,10,0
Article611,17,0
Article612,12,0
Article613,21,0
Article614,18,0
Article615,22,0
Article616,19,0
Article617,23,0
Article618,22,0
Article619,20,0
Article620,17,0
Article621,19,0
Article622,20,0
Article623,22,0
Article624,22,0
Article625,18,0
Article626,18,0
Article627,19,0
Article628,21,0
Article629,8,0
Article630,24,0
Article631,17,0
Article632,18,0
Article633,25,0
Article634,13,0
Article635,18,0
Article636,19,0
Article637,19,0
Article638,17,0
Article639,24,0
Article640,18,0
Article641,20,0
Article642,18,0
Article643,23,0
Article644,3,0
Article645,11,0
Article646,22,0
Article647,25,0
Article648,19,0
Article649,14,0
Article650,21,0
Article651,28,0
Article652,22,0
Article653,22,0
Article654,7,0
Article655,8,0
Article656,22,0
Article657,27,0
Article658,9,0
Article659,21,0
Article660,12,0
Article661,20,0
Article662,26,0
Article663,18,0
Article664,19,0
Article665,13,0
Article666,19,0
Article667,21,0
Article668,16,0
Article669,18,0
Article670,23,0
Article671,9,0
Article672,23,0
Article673,18,0
Article674,20,0
Article675,14,0
Article676,20,0
Article677,21,0
Article678,13,0
Article679,20,0
Article680,22,0
Article681,14,0
Article682,24,0
Article683,17,0
Article684,21,0
Article685,17,0
Article686,14,0
Article687,22,0
Article688,21,0
Article689,28,0
Article690,11,0
Article691,9,0
Article692,17,0
Article693,17,0
Article694,22,0
Article695,17,0
Article696,21,0
Article697,21,0
Article698,20,0
Article699,21,0
Article700,18,0
Article701,20,0
Article702,21,0
Article703,8,0
Article704,18,0
Article705,25,0
Article706,21,0
Article707,20,0
Article708,3,0
Article709,25,0
Article710,10,0
Article711,17,0
Article712,12,0
Article713,21,0
Article714,18,0
Article715,22,0
Article716,19,0
Article717,23,0
Article718,22,0
Article719,20,0
Article720,17,0
Article721,19,0
Article722,20,0
Article723,22,0
Article724,22,0
Article725,18,0
Article726,18,0
Article727,19,0
Article728,21,0
Article729,8,0
Article730,24,0
Article731,17,0
Article732,18,0
Article733,25,0
Article734,13,0
Article735,18,0
Article736,19,0
Article737,19,0
Article738,17,0
Article739,24,0
Article740,18,0
Article741,20,0
Article742,18,0
Article743,23,0
Article744,3,0
Article745,11,0
Article746,22,0
Article747,25,0
Article748,19,0
Article749,14,0
Article750,21,0
Article751,28,0
Article752,22,0
Article753,22,0
Article754,7,0
Article755,8,0
Article756,22,0
Article757,27,0
Article758,9,0
Article759,21,0
Article760,12,0
Article761,20,0
Article762,26,0
Article763,18,0
Article764,19,0
Article765,13,0
Article766,19,0
Article767,21,0
Article768,16,0
Article769,18,0
Article770,23,0
Article771,9,0
Article772,23,0
Article773,18,0
Article774,20,0
Article775,14,0
Article776,20,0
Article777,21,0
Article778,13,0
Article779,20,0
Article780,22,0
Article781,14,0
Article782,24,0
Article783,17,0
Article784,21,0
Article785,17,0
Article786,14,0
Article787,22,0
Article788,21,0
Article789,28,0
Article790,11,0
Article791,9,0
Article792,17,0
Article793,17,0
Article794,22,0
Article795,17,0
Article796,21,0
Article797,21,0
Article798,20,0
Article799,21,0
Article800,18,0
Article801,19,0
Article802,19,0
Article803,19,0
Article804,27,0
Article805,21,0
Article806,3,0
Article807,15,0
Article808,22,0
Article809,19,0
Article810,20,0
Article811,20,0
Article812,21,0
Article813,8,0
Article814,18,0
Article815,25,0
Article816,21,0
Article817,20,0
Article818,3,0
Article819,25,0
Article820,10,0
Article821,17,0
Article822,12,0
Article823,21,0
Article824,18,0
Article825,22,0
Article826,19,0
Article827,23,0
Article828,22,0
Article829,20,0
Article830,17,0
Article831,19,0
Article832,20,0
Article833,22,0
Article834,22,0
Article835,18,0
Article836,18,0
Article837,19,0
Article838,21,0
Article839,8,0
Article840,24,0
Article841,17,0
Article842,18,0
Article843,25,0
Article844,13,0
Article845,18,0
Article846,19,0
Article847,19,0
Article848,17,0
Article849,24,0
Article850,18,0
Article851,20,0
Article852,18,0
Article853,23,0
Article854,3,0
Article855,11,0
Article856,22,0
Article857,25,0
Article858,19,0
Article859,14,0
Article860,21,0
Article861,28,0
Article862,22,0
Article863,22,0
Article864,7,0
Article865,8,0
Article866,22,0
Article867,27,0
Article868,9,0
Article869,21,0
Article870,12,0
Article871,20,0
Article872,26,0
Article873,18,0
Article874,19,0
Article875,13,0
Article876,19,0
Article877,21,0
Article878,16,0
Article879,18,0
Article880,23,0
Article881,9,0
Article882,23,0
Article883,18,0
Article884,20,0
Article885,14,0
Article886,20,0
Article887,21,0
Article888,13,0
Article889,20,0
Article890,22,0
Article891,14,0
Article892,24,0
Article893,17,0
Article894,21,0
Article895,17,0
Article896,14,0
Article897,22,0
Article898,21,0
Article899,28,0
Article900,11,0
Article901,19,0
Article902,19,0
Article903,19,0
Article904,27,0
Article905,21,0
Article906,3,0
Article907,15,0
Article908,22,0
Article909,19,0
Article910,20,0
Article911,20,0
Article912,21,0
Article913,8,0
Article914,18,0
Article915,25,0
Article916,21,0
Article917,20,0
Article918,3,0
Article919,25,0
Article920,10,0
Article921,17,0
Article922,12,0
Article923,21,0
Article924,18,0
Article925,22,0
Article926,19,0
Article927,23,0
Article928,22,0
Article929,20,0
Article930,17,0
Article931,19,0
Article932,20,0
Article933,22,0
Article934,22,0
Article935,18,0
Article936,18,0
Article937,19,0
Article938,21,0
Article939,8,0
Article940,24,0
Article941,17,0
Article942,18,0
Article943,25,0
Article944,13,0
Article945,18,0
Article946,19,0
Article947,19,0
Article948,17,0
Article949,24,0
Article950,18,0
Article951,20,0
Article952,18,0
Article953,23,0
Article954,3,0
Article955,11,0
Article956,22,0
Article957,25,0
Article958,19,0
Article959,14,0
Article960,21,0
Article961,28,0
Article962,22,0
Article963,22,0
Article964,7,0
Article965,8,0
Article966,22,0
Article967,27,0
Article968,9,0
Article969,21,0
Article970,12,0
Article971,20,0
Article972,26,0
Article973,18,0
Article974,19,0
Article975,13,0
Article976,19,0
Article977,21,0
Article978,16,0
Article979,18,0
Article980,23,0
Article981,9,0
Article982,23,0
Article983,18,0
Article984,20,0
Article985,14,0
Article986,20,0
Article987,21,0
Article988,13,0
Article989,20,0
Article990,22,0
Article991,14,0
Article992,24,0
Article993,17,0
Article994,21,0
Article995,17,0
Article996,14,0
Article997,22,0
Article998,21,0
Article999,28,0
Article1000,11,0
Article1001,25,0
Article1002,24,0
Article1003,23,0
Article1004,19,0
Article1005,23,0
Article1006,24,0
Article1007,15,0
Article1008,3,0
Article1009,22,0
Article1010,24,0
Article1011,5,0
Article1012,25,0
Article1013,23,0
Article1014,25,0
Article1015,23,0
Article1016,17,0
Article1017,23,0
Article1018,19,0
Article1019,20,0
Article1020,26,0
Article1021,16,0
Article1022,23,0
Article1023,24,0
Article1024,26,0
Article1025,19,0
Article1026,21,0
Article1027,23,0
Article1028,14,0
Article1029,13,0
Article1030,23,0
Article1031,21,0
Article1032,17,0
Article1033,17,0
Article1034,16,0
Article1035,24,0
Article1036,10,0
Article1037,21,0
Article1038,19,0
Article1039,23,0
Article1040,20,0
Article1041,17,0
Article1042,8,0
Article1043,23,0
Article1044,19,0
Article1045,17,0
Article1046,16,0
Article1047,16,0
Article1048,24,0
Article1049,11,0
Article1050,22,0
Article1051,15,0
Article1052,21,0
Article1053,17,0
Article1054,23,0
Article1055,15,0
Article1056,9,0
Article1057,18,0
Article1058,18,0
Article1059,2,0
Article1060,23,0
Article1061,12,0
Article1062,18,0
Article1063,19,0
Article1064,26,0
Article1065,16,0
Article1066,15,0
Article1067,0,0
Article1068,10,0
Article1069,12,0
Article1070,18,0
Article1071,20,0
Article1072,14,0
Article1073,17,0
Article1074,21,0
Article1075,19,0
Article1076,20,0
Article1077,17,0
Article1078,20,0
Article1079,12,0
Article1080,26,0
Article1081,22,0
Article1082,20,0
Article1083,21,0
Article1084,19,0
Article1085,10,0
Article1086,22,0
Article1087,17,0
Article1088,17,0
Article1089,11,0
Article1090,14,0
Article1091,22,0
Article1092,22,0
Article1093,15,0
Article1094,26,0
Article1095,22,0
Article1096,12,0
Article1097,21,0
Article1098,23,0
Article1099,11,0
Article1100,15,0
Article1101,25,0
Article1102,24,0
Article1103,23,0
Article1104,19,0
Article1105,23,0
Article1106,24,0
Article1107,15,0
Article1108,3,0
Article1109,22,0
Article1110,24,0
Article1111,5,0
Article1112,25,0
Article1113,23,0
Article1114,25,0
Article1115,23,0
Article1116,17,0
Article1117,23,0
Article1118,19,0
Article1119,20,0
Article1120,26,0
Article1121,16,0
Article1122,23,0
Article1123,24,0
Article1124,26,0
Article1125,19,0
Article1126,21,0
Article1127,23,0
Article1128,14,0
Article1129,13,0
Article1130,23,0
Article1131,21,0
Article1132,17,0
Article1133,17,0
Article1134,16,0
Article1135,24,0
Article1136,10,0
Article1137,21,0
Article1138,19,0
Article1139,23,0
Article1140,20,0
Article1141,17,0
Article1142,8,0
Article1143,23,0
Article1144,19,0
Article1145,17,0
Article1146,16,0
Article1147,16,0
Article1148,24,0
Article1149,11,0
Article1150,22,0
Article1151,15,0
Article1152,21,0
Article1153,17,0
Article1154,23,0
Article1155,15,0
Article1156,9,0
Article1157,18,0
Article1158,18,0
Article1159,2,0
Article1160,23,0
Article1161,12,0
Article1162,18,0
Article1163,19,0
Article1164,26,0
Article1165,16,0
Article1166,15,0
Article1167,0,0
Article1168,10,0
Article1169,12,0
Article1170,18,0
Article1171,20,0
Article1172,14,0
Article1173,17,0
Article1174,21,0
Article1175,19,0
Article1176,20,0
Article1177,17,0
Article1178,20,0
Article1179,12,0
Article1180,26,0
Article1181,22,0
Article1182,20,0
Article1183,21,0
Article1184,19,0
Article1185,10,0
Article1186,22,0
Article1187,17,0
Article1188,17,0
Article1189,11,0
Article1190,14,0
Article1191,22,0
Article1192,22,0
Article1193,15,0
Article1194,26,0
Article1195,22,0
Article1196,12,0
Article1197,21,0
Article1198,23,0
Article1199,11,0
Article1200,15,0
Article1201,25,0
Article1202,24,0
Article1203,23,0
Article1204,19,0
Article1205,23,0
Article1206,24,0
Article1207,15,0
Article1208,3,0
Article1209,22,0
Article1210,24,0
Article1211,5,0
Article1212,25,0
Article1213,23,0
Article1214,25,0
Article1215,23,0
Article1216,17,0
Article1217,23,0
Article1218,19,0
Article1219,20,0
Article1220,26,0
Article1221,16,0
Article1222,23,0
Article1223,24,0
Article1224,26,0
Article1225,19,0
Article1226,21,0
Article1227,23,0
Article1228,14,0
Article1229,13,0
Article1230,23,0
Article1231,21,0
Article1232,17,0
Article1233,17,0
Article1234,16,0
Article1235,24,0
Article1236,10,0
Article1237,21,0
Article1238,19,0
Article1239,23,0
Article1240,20,0
Article1241,17,0
Article1242,8,0
Article1243,23,0
Article1244,19,0
Article1245,17,0
Article1246,16,0
Article1247,16,0
Article1248,24,0
Article1249,11,0
Article1250,22,0
Article1251,15,0
Article1252,21,0
Article1253,17,0
Article1254,23,0
Article1255,15,0
Article1256,9,0
Article1257,18,0
Article1258,18,0
Article1259,2,0
Article1260,23,0
Article1261,12,0
Article1262,18,0
Article1263,19,0
Article1264,26,0
Article1265,16,0
Article1266,15,0
Article1267,0,0
Article1268,10,0
Article1269,12,0
Article1270,18,0
Article1271,20,0
Article1272,14,0
Article1273,17,0
Article1274,21,0
Article1275,19,0
Article1276,20,0
Article1277,17,0
Article1278,20,0
Article1279,12,0
Article1280,26,0
Article1281,22,0
Article1282,20,0
Article1283,21,0
Article1284,19,0
Article1285,10,0
Article1286,22,0
Article1287,17,0
Article1288,17,0
Article1289,11,0
Article1290,14,0
Article1291,22,0
Article1292,22,0
Article1293,15,0
Article1294,26,0
Article1295,22,0
Article1296,12,0
Article1297,21,0
Article1298,23,0
Article1299,11,0
Article1300,15,0
Article1301,24,0
Article1302,23,0
Article1303,23,0
Article1304,24,0
Article1305,29,0
Article1306,14,0
Article1307,3,0
Article1308,23,0
Article1309,5,0
Article1310,21,0
Article1311,17,0
Article1312,22,0
Article1313,23,0
Article1314,27,0
Article1315,24,0
Article1316,21,0
Article1317,19,0
Article1318,24,0
Article1319,21,0
Article1320,23,0
Article1321,23,0
Article1322,21,0
Article1323,16,0
Article1324,23,0
Article1325,23,0
Article1326,26,0
Article1327,18,0
Article1328,9,0
Article1329,25,0
Article1330,21,0
Article1331,21,0
Article1332,21,0
Article1333,23,0
Article1334,23,0
Article1335,19,0
Article1336,15,0
Article1337,24,0
Article1338,22,0
Article1339,22,0
Article1340,18,0
Article1341,18,0
Article1342,25,0
Article1343,15,0
Article1344,16,0
Article1345,29,0
Article1346,11,0
Article1347,14,0
Article1348,17,0
Article1349,22,0
Article1350,22,0
Article1351,4,0
Article1352,6,0
Article1353,20,0
Article1354,21,0
Article1355,17,0
Article1356,21,0
Article1357,18,0
Article1358,23,0
Article1359,15,0
Article1360,18,0
Article1361,23,0
Article1362,19,0
Article1363,22,0
Article1364,22,0
Article1365,20,0
Article1366,23,0
Article1367,23,0
Article1368,23,0
Article1369,16,0
Article1370,6,0
Article1371,21,0
Article1372,16,0
Article1373,24,0
Article1374,16,0
Article1375,15,0
Article1376,21,0
Article1377,22,0
Article1378,26,0
Article1379,20,0
Article1380,18,0
Article1381,18,0
Article1382,23,0
Article1383,23,0
Article1384,19,0
Article1385,16,0
Article1386,21,0
Article1387,21,0
Article1388,23,0
Article1389,18,0
Article1390,21,0
Article1391,11,0
Article1392,19,0
Article1393,22,0
Article1394,22,0
Article1395,24,0
Article1396,13,0
Article1397,20,0
Article1398,24,0
Article1399,16,0
Article1400,9,0
Article1401,24,0
Article1402,23,0
Article1403,23,0
Article1404,24,0
Article1405,29,0
Article1406,14,0
Article1407,3,0
Article1408,23,0
Article1409,5,0
Article1410,21,0
Article1411,17,0
Article1412,22,0
Article1413,23,0
Article1414,27,0
Article1415,24,0
Article1416,21,0
Article1417,19,0
Article1418,24,0
Article1419,21,0
Article1420,23,0
Article1421,23,0
Article1422,21,0
Article1423,16,0
Article1424,23,0
Article1425,23,0
Article1426,26,0
Article1427,18,0
Article1428,9,0
Article1429,25,0
Article1430,21,0
Article1431,21,0
Article1432,21,0
Article1433,23,0
Article1434,19,0
Article1435,15,0
Article1436,24,0
Article1437,22,0
Article1438,22,0
Article1439,18,0
Article1440,18,0
Article1441,25,0
Article1442,15,0
Article1443,16,0
Article1444,29,0
Article1445,11,0
Article1446,14,0
Article1447,17,0
Article1448,22,0
Article1449,22,0
Article1450,4,0
Article1451,6,0
Article1452,20,0
Article1453,21,0
Article1454,17,0
Article1455,21,0
Article1456,18,0
Article1457,23,0
Article1458,15,0
Article1459,18,0
Article1460,23,0
Article1461,19,0
Article1462,22,0
Article1463,22,0
Article1464,20,0
Article1465,23,0
Article1466,23,0
Article1467,23,0
Article1468,16,0
Article1469,6,0
Article1470,21,0
Article1471,16,0
Article1472,24,0
Article1473,16,0
Article1474,15,0
Article1475,21,0
Article1476,22,0
Article1477,26,0
Article1478,20,0
Article1479,18,0
Article1480,18,0
Article1481,23,0
Article1482,23,0
Article1483,19,0
Article1484,16,0
Article1485,21,0
Article1486,21,0
Article1487,23,0
Article1488,18,0
Article1489,21,0
Article1490,11,0
Article1491,19,0
Article1492,22,0
Article1493,22,0
Article1494,24,0
Article1495,13,0
Article1496,20,0
Article1497,24,0
Article1498,16,0
Article1499,9,0
Article1500,23,0
Article1501,18,0
Article1502,12,0
Article1503,19,0
Article1504,24,0
Article1505,18,0
Article1506,21,0
Article1507,12,0
Article1508,18,0
Article1509,24,0
Article1510,13,0
Article1511,19,0
Article1512,15,0
Article1513,15,0
Article1514,17,0
Article1515,20,0
Article1516,17,0
Article1517,7,0
Article1518,20,0
Article1519,16,0
Article1520,22,0
Article1521,18,0
Article1522,26,0
Article1523,19,0
Article1524,20,0
Article1525,20,0
Article1526,9,0
Article1527,9,0
Article1528,12,0
Article1529,12,0
Article1530,3,0
Article1531,22,0
Article1532,21,0
Article1533,4,0
Article1534,25,0
Article1535,19,0
Article1536,19,0
Article1537,21,0
Article1538,18,0
Article1539,22,0
Article1540,18,0
Article1541,24,0
Article1542,16,0
Article1543,24,0
Article1544,21,0
Article1545,23,0
Article1546,18,0
Article1547,23,0
Article1548,18,0
Article1549,12,0
Article1550,6,0
Article1551,8,0
Article1552,2,0
Article1553,23,0
Article1554,17,0
Article1555,10,0
Article1556,20,0
Article1557,17,0
Article1558,11,0
Article1559,12,0
Article1560,19,0
Article1561,20,0
Article1562,21,0
Article1563,20,0
Article1564,17,0
Article1565,2,0
Article1566,18,0
Article1567,16,0
Article1568,27,0
Article1569,21,0
Article1570,20,0
Article1571,12,0
Article1572,18,0
Article1573,24,0
Article1574,2,0
Article1575,20,0
Article1576,23,0
Article1577,19,0
Article1578,27,0
Article1579,21,0
Article1580,26,0
Article1581,22,0
Article1582,12,0
Article1583,18,0
Article1584,10,0
Article1585,21,0
Article1586,10,0
Article1587,22,0
Article1588,10,0
Article1589,16,0
Article1590,17,0
Article1591,17,0
Article1592,24,0
Article1593,24,0
Article1594,20,0
Article1595,18,0
Article1596,15,0
Article1597,15,0
Article1598,16,0
Article1599,20,0
Article1600,17,0
Article1601,18,0
Article1602,12,0
Article1603,19,0
Article1604,24,0
Article1605,18,0
Article1606,21,0
Article1607,12,0
Article1608,18,0
Article1609,24,0
Article1610,13,0
Article1611,19,0
Article1612,15,0
Article1613,15,0
Article1614,17,0
Article1615,20,0
Article1616,17,0
Article1617,7,0
Article1618,20,0
Article1619,16,0
Article1620,22,0
Article1621,18,0
Article1622,26,0
Article1623,19,0
Article1624,20,0
Article1625,20,0
Article1626,9,0
Article1627,9,0
Article1628,12,0
Article1629,12,0
Article1630,3,0
Article1631,22,0
Article1632,21,0
Article1633,4,0
Article1634,25,0
Article1635,19,0
Article1636,19,0
Article1637,21,0
Article1638,18,0
Article1639,22,0
Article1640,18,0
Article1641,24,0
Article1642,16,0
Article1643,24,0
Article1644,21,0
Article1645,23,0
Article1646,18,0
Article1647,23,0
Article1648,18,0
Article1649,12,0
Article1650,6,0
Article1651,8,0
Article1652,2,0
Article1653,23,0
Article1654,17,0
Article1655,10,0
Article1656,20,0
Article1657,17,0
Article1658,11,0
Article1659,12,0
Article1660,19,0
Article1661,20,0
Article1662,21,0
Article1663,20,0
Article1664,17,0
Article1665,2,0
Article1666,18,0
Article1667,16,0
Article1668,27,0
Article1669,21,0
Article1670,20,0
Article1671,12,0
Article1672,18,0
Article1673,24,0
Article1674,2,0
Article1675,20,0
Article1676,23,0
Article1677,19,0
Article1678,27,0
Article1679,21,0
Article1680,26,0
Article1681,22,0
Article1682,12,0
Article1683,18,0
Article1684,10,0
Article1685,21,0
Article1686,10,0
Article1687,22,0
Article1688,10,0
Article1689,16,0
Article1690,17,0
Article1691,17,0
Article1692,24,0
Article1693,24,0
Article1694,20,0
Article1695,18,0
Article1696,15,0
Article1697,15,0
Article1698,16,0
Article1699,20,0
Article1700,17,0
Article1701,18,0
Article1702,12,0
Article1703,19,0
Article1704,24,0
Article1705,18,0
Article1706,21,0
Article1707,12,0
Article1708,18,0
Article1709,24,0
Article1710,13,0
Article1711,19,0
Article1712,15,0
Article1713,15,0
Article1714,17,0
Article1715,20,0
Article1716,17,0
Article1717,7,0
Article1718,20,0
Article1719,16,0
Article1720,22,0
Article1721,18,0
Article1722,26,0
Article1723,19,0
Article1724,20,0
Article1725,20,0
Article1726,9,0
Article1727,9,0
Article1728,12,0
Article1729,12,0
Article1730,3,0
Article1731,22,0
Article1732,21,0
Article1733,4,0
Article1734,25,0
Article1735,19,0
Article1736,19,0
Article1737,21,0
Article1738,18,0
Article1739,22,0
Article1740,18,0
Article1741,24,0
Article1742,16,0
Article1743,24,0
Article1744,21,0
Article1745,23,0
Article1746,18,0
Article1747,23,0
Article1748,18,0
Article1749,12,0
Article1750,6,0
Article1751,8,0
Article1752,2,0
Article1753,23,0
Article1754,17,0
Article1755,10,0
Article1756,20,0
Article1757,17,0
Article1758,11,0
Article1759,12,0
Article1760,19,0
Article1761,20,0
Article1762,21,0
Article1763,20,0
Article1764,17,0
Article1765,2,0
Article1766,18,0
Article1767,16,0
Article1768,27,0
Article1769,21,0
Article1770,20,0
Article1771,12,0
Article1772,18,0
Article1773,24,0
Article1774,2,0
Article1775,20,0
Article1776,23,0
Article1777,19,0
Article1778,27,0
Article1779,21,0
Article1780,26,0
Article1781,22,0
Article1782,12,0
Article1783,18,0
Article1784,10,0
Article1785,21,0
Article1786,10,0
Article1787,22,0
Article1788,10,0
Article1789,16,0
Article1790,17,0
Article1791,17,0
Article1792,24,0
Article1793,24,0
Article1794,20,0
Article1795,18,0
Article1796,15,0
Article1797,15,0
Article1798,16,0
Article1799,20,0
Article1800,17,0
Article1801,27,0
Article1802,24,0
Article1803,17,0
Article1804,21,0
Article1805,12,0
Article1806,13,0
Article1807,18,0
Article1808,12,0
Article1809,18,0
Article1810,12,0
Article1811,19,0
Article1812,24,0
Article1813,18,0
Article1814,21,0
Article1815,12,0
Article1816,18,0
Article1817,24,0
Article1818,13,0
Article1819,19,0
Article1820,15,0
Article1821,15,0
Article1822,17,0
Article1823,20,0
Article1824,17,0
Article1825,7,0
Article1826,20,0
Article1827,16,0
Article1828,22,0
Article1829,18,0
Article1830,26,0
Article1831,19,0
Article1832,20,0
Article1833,20,0
Article1834,9,0
Article1835,9,0
Article1836,12,0
Article1837,12,0
Article1838,3,0
Article1839,22,0
Article1840,21,0
Article1841,4,0
Article1842,25,0
Article1843,19,0
Article1844,19,0
Article1845,21,0
Article1846,18,0
Article1847,22,0
Article1848,18,0
Article1849,24,0
Article1850,16,0
Article1851,24,0
Article1852,21,0
Article1853,23,0
Article1854,18,0
Article1855,23,0
Article1856,18,0
Article1857,12,0
Article1858,6,0
Article1859,8,0
Article1860,2,0
Article1861,23,0
Article1862,17,0
Article1863,10,0
Article1864,20,0
Article1865,17,0
Article1866,11,0
Article1867,12,0
Article1868,19,0
Article1869,20,0
Article1870,21,0
Article1871,20,0
Article1872,17,0
Article1873,2,0
Article1874,18,0
Article1875,16,0
Article1876,27,0
Article1877,21,0
Article1878,20,0
Article1879,12,0
Article1880,18,0
Article1881,24,0
Article1882,2,0
Article1883,20,0
Article1884,23,0
Article1885,19,0
Article1886,27,0
Article1887,21,0
Article1888,26,0
Article1889,22,0
Article1890,12,0
Article1891,18,0
Article1892,10,0
Article1893,21,0
Article1894,10,0
Article1895,22,0
Article1896,10,0
Article1897,16,0
Article1898,17,0
Article1899,17,0
Article1900,24,0
Article1901,27,0
Article1902,24,0
Article1903,17,0
Article1904,21,0
Article1905,12,0
Article1906,13,0
Article1907,18,0
Article1908,12,0
Article1909,18,0
Article1910,12,0
Article1911,19,0
Article1912,24,0
Article1913,18,0
Article1914,21,0
Article1915,12,0
Article1916,18,0
Article1917,24,0
Article1918,13,0
Article1919,19,0
Article1920,15,0
Article1921,15,0
Article1922,17,0
Article1923,20,0
Article1924,17,0
Article1925,7,0
Article1926,20,0
Article1927,16,0
Article1928,22,0
Article1929,18,0
Article1930,26,0
Article1931,19,0
Article1932,20,0
Article1933,20,0
Article1934,9,0
Article1935,9,0
Article1936,12,0
Article1937,12,0
Article1938,3,0
Article1939,22,0
Article1940,21,0
Article1941,4,0
Article1942,25,0
Article1943,19,0
Article1944,19,0
Article1945,21,0
Article1946,18,0
Article1947,22,0
Article1948,18,0
Article1949,24,0
Article1950,16,0
Article1951,24,0
Article1952,21,0
Article1953,23,0
Article1954,18,0
Article1955,23,0
Article1956,18,0
Article1957,12,0
Article1958,6,0
Article1959,8,0
Article1960,2,0
Article1961,23,0
Article1962,17,0
Article1963,10,0
Article1964,20,0
Article1965,17,0
Article1966,11,0
Article1967,12,0
Article1968,19,0
Article1969,20,0
Article1970,21,0
Article1971,20,0
Article1972,17,0
Article1973,2,0
Article1974,18,0
Article1975,16,0
Article1976,27,0
Article1977,21,0
Article1978,20,0
Article1979,12,0
Article1980,18,0
Article1981,24,0
Article1982,2,0
Article1983,20,0
Article1984,23,0
Article1985,19,0
Article1986,27,0
Article1987,21,0
Article1988,26,0
Article1989,22,0
Article1990,12,0
Article1991,18,0
Article1992,10,0
Article1993,21,0
Article1994,10,0
Article1995,22,0
Article1996,10,0
Article1997,16,0
Article1998,17,0
Article1999,17,0
Article2000,24,0
Article2001,4,0
Article2002,18,0
Article2003,6,0
Article2004,12,0
Article2005,2,0
Article2006,17,0
Article2007,6,0
Article2008,13,0
Article2009,12,0
Article2010,3,0
Article2011,5,0
Article2012,12,0
Article2013,13,0
Article2014,2,0
Article2015,7,0
Article2016,12,0
Article2017,13,0
Article2018,2,0
Article2019,1,0
Article2020,15,0
Article2021,6,0
Article2022,9,0
Article2023,1,0
Article2024,3,0
Article2025,16,0
Article2026,15,0
Article2027,11,0
Article2028,1,0
Article2029,15,0
Article2030,9,0
Article2031,23,0
Article2032,16,0
Article2033,13,0
Article2034,19,0
Article2035,19,0
Article2036,4,0
Article2037,11,0
Article2038,3,0
Article2039,19,0
Article2040,13,0
Article2041,21,0
Article2042,3,0
Article2043,22,0
Article2044,2,0
Article2045,13,0
Article2046,5,0
Article2047,2,0
Article2048,7,0
Article2049,4,0
Article2050,21,0
Article2051,15,0
Article2052,1,0
Article2053,20,0
Article2054,21,0
Article2055,14,0
Article2056,6,0
Article2057,7,0
Article2058,11,0
Article2059,7,0
Article2060,8,0
Article2061,24,0
Article2062,3,0
Article2063,2,0
Article2064,13,0
Article2065,13,0
Article2066,3,0
Article2067,6,0
Article2068,21,1
Article2069,20,0
Article2070,21,0
Article2071,4,0
Article2072,17,0
Article2073,8,0
Article2074,5,0
Article2075,7,0
Article2076,8,0
Article2077,10,0
Article2078,2,0
Article2079,2,0
Article2080,1,0
Article2081,3,0
Article2082,16,0
Article2083,14,0
Article2084,6,0
Article2085,2,0
Article2086,3,0
Article2087,8,0
Article2088,2,0
Article2089,19,0
Article2090,2,0
Article2091,1,0
Article2092,7,0
Article2093,4,0
Article2094,13,0
Article2095,14,0
Article2096,6,0
Article2097,2,0
Article2098,8,0
Article2099,2,0
Article2100,3,0
Article2101,4,0
Article2102,18,0
Article2103,6,0
Article2104,12,0
Article2105,2,0
Article2106,17,0
Article2107,6,0
Article2108,13,0
Article2109,12,0
Article2110,3,0
Article2111,5,0
Article2112,12,0
Article2113,13,0
Article2114,2,0
Article2115,7,0
Article2116,12,0
Article2117,13,0
Article2118,2,0
Article2119,1,0
Article2120,15,0
Article2121,6,0
Article2122,9,0
Article2123,1,0
Article2124,3,0
Article2125,16,0
Article2126,15,0
Article2127,11,0
Article2128,1,0
Article2129,15,0
Article2130,9,0
Article2131,23,0
Article2132,16,0
Article2133,13,0
Article2134,19,0
Article2135,19,0
Article2136,4,0
Article2137,11,0
Article2138,3,0
Article2139,19,0
Article2140,13,0
Article2141,21,0
Article2142,3,0
Article2143,22,0
Article2144,2,0
Article2145,13,0
Article2146,5,0
Article2147,2,0
Article2148,7,0
Article2149,4,0
Article2150,21,0
Article2151,15,0
Article2152,1,0
Article2153,20,0
Article2154,21,0
Article2155,14,0
Article2156,6,0
Article2157,7,0
Article2158,11,0
Article2159,7,0
Article2160,8,0
Article2161,24,0
Article2162,3,0
Article2163,2,0
Article2164,13,0
Article2165,13,0
Article2166,3,0
Article2167,6,0
Article2168,21,1
Article2169,20,0
Article2170,21,0
Article2171,4,0
Article2172,17,0
Article2173,8,0
Article2174,5,0
Article2175,7,0
Article2176,8,0
Article2177,10,0
Article2178,2,0
Article2179,2,0
Article2180,1,0
Article2181,3,0
Article2182,16,0
Article2183,14,0
Article2184,6,0
Article2185,2,0
Article2186,3,0
Article2187,8,0
Article2188,2,0
Article2189,19,0
Article2190,2,0
Article2191,1,0
Article2192,7,0
Article2193,4,0
Article2194,13,0
Article2195,14,0
Article2196,6,0
Article2197,2,0
Article2198,8,0
Article2199,2,0
Article2200,3,0
Article2201,4,0
Article2202,18,0
Article2203,6,0
Article2204,12,0
Article2205,2,0
Article2206,17,0
Article2207,6,0
Article2208,13,0
Article2209,12,0
Article2210,3,0
Article2211,5,0
Article2212,12,0
Article2213,13,0
Article2214,2,0
Article2215,7,0
Article2216,12,0
Article2217,13,0
Article2218,2,0
Article2219,1,0
Article2220,15,0
Article2221,6,0
Article2222,9,0
Article2223,1,0
Article2224,3,0
Article2225,16,0
Article2226,15,0
Article2227,11,0
Article2228,1,0
Article2229,15,0
Article2230,9,0
Article2231,23,0
Article2232,16,0
Article2233,13,0
Article2234,19,0
Article2235,19,0
Article2236,4,0
Article2237,11,0
Article2238,3,0
Article2239,19,0
Article2240,13,0
Article2241,21,0
Article2242,3,0
Article2243,22,0
Article2244,2,0
Article2245,13,0
Article2246,5,0
Article2247,2,0
Article2248,7,0
Article2249,4,0
Article2250,21,0
Article2251,15,0
Article2252,1,0
Article2253,20,0
Article2254,21,0
Article2255,14,0
Article2256,6,0
Article2257,7,0
Article2258,11,0
Article2259,7,0
Article2260,8,0
Article2261,24,0
Article2262,3,0
Article2263,2,0
Article2264,13,0
Article2265,13,0
Article2266,3,0
Article2267,6,0
Article2268,21,1
Article2269,20,0
Article2270,21,0
Article2271,4,0
Article2272,17,0
Article2273,8,0
Article2274,5,0
Article2275,7,0
Article2276,8,0
Article2277,10,0
Article2278,2,0
Article2279,2,0
Article2280,1,0
Article2281,3,0
Article2282,16,0
Article2283,14,0
Article2284,6,0
Article2285,2,0
Article2286,3,0
Article2287,8,0
Article2288,2,0
Article2289,19,0
Article2290,2,0
Article2291,1,0
Article2292,7,0
Article2293,4,0
Article2294,13,0
Article2295,14,0
Article2296,6,0
Article2297,2,0
Article2298,8,0
Article2299,2,0
Article2300,3,0
Article2301,2,0
Article2302,1,0
Article2303,6,0
Article2304,20,0
Article2305,14,0
Article2306,1,0
Article2307,3,0
Article2308,10,0
Article2309,17,0
Article2310,11,0
Article2311,18,0
Article2312,24,1
Article2313,1,0
Article2314,9,0
Article2315,4,0
Article2316,7,0
Article2317,13,0
Article2318,2,0
Article2319,6,0
Article2320,8,0
Article2321,11,0
Article2322,4,0
Article2323,4,0
Article2324,3,0
Article2325,18,0
Article2326,16,0
Article2327,22,0
Article2328,19,0
Article2329,12,0
Article2330,21,1
Article2331,1,0
Article2332,2,0
Article2333,18,0
Article2334,14,0
Article2335,16,0
Article2336,6,0
Article2337,20,0
Article2338,22,0
Article2339,2,0
Article2340,1,0
Article2341,9,0
Article2342,20,0
Article2343,3,0
Article2344,4,0
Article2345,4,0
Article2346,7,0
Article2347,16,0
Article2348,14,0
Article2349,1,0
Article2350,18,0
Article2351,18,0
Article2352,3,0
Article2353,2,0
Article2354,19,0
Article2355,15,0
Article2356,6,0
Article2357,2,0
Article2358,18,0
Article2359,8,0
Article2360,10,0
Article2361,21,0
Article2362,15,0
Article2363,2,0
Article2364,23,0
Article2365,16,0
Article2366,17,0
Article2367,7,0
Article2368,5,0
Article2369,18,0
Article2370,15,0
Article2371,13,0
Article2372,4,0
Article2373,14,0
Article2374,11,0
Article2375,4,0
Article2376,11,0
Article2377,2,0
Article2378,5,0
Article2379,2,0
Article2380,12,0
Article2381,4,0
Article2382,4,0
Article2383,18,0
Article2384,6,0
Article2385,12,0
Article2386,2,0
Article2387,17,0
Article2388,6,0
Article2389,13,0
Article2390,12,0
Article2391,3,0
Article2392,5,0
Article2393,12,0
Article2394,13,0
Article2395,2,0
Article2396,7,0
Article2397,12,0
Article2398,13,0
Article2399,2,0
Article2400,1,0
Article2401,2,0
Article2402,1,0
Article2403,6,0
Article2404,20,0
Article2405,14,0
Article2406,1,0
Article2407,3,0
Article2408,10,0
Article2409,17,0
Article2410,11,0
Article2411,18,0
Article2412,24,1
Article2413,1,0
Article2414,9,0
Article2415,4,0
Article2416,7,0
Article2417,13,0
Article2418,2,0
Article2419,6,0
Article2420,8,0
Article2421,11,0
Article2422,4,0
Article2423,4,0
Article2424,3,0
Article2425,18,0
Article2426,16,0
Article2427,22,0
Article2428,19,0
Article2429,12,0
Article2430,21,1
Article2431,1,0
Article2432,2,0
Article2433,18,0
Article2434,14,0
Article2435,16,0
Article2436,6,0
Article2437,20,0
Article2438,22,0
Article2439,2,0
Article2440,1,0
Article2441,9,0
Article2442,20,0
Article2443,3,0
Article2444,4,0
Article2445,4,0
Article2446,7,0
Article2447,16,0
Article2448,14,0
Article2449,1,0
Article2450,18,0
Article2451,18,0
Article2452,3,0
Article2453,2,0
Article2454,19,0
Article2455,15,0
Article2456,6,0
Article2457,2,0
Article2458,18,0
Article2459,8,0
Article2460,10,0
Article2461,21,0
Article2462,15,0
Article2463,2,0
Article2464,23,0
Article2465,16,0
Article2466,17,0
Article2467,7,0
Article2468,5,0
Article2469,18,0
Article2470,15,0
Article2471,13,0
Article2472,4,0
Article2473,14,0
Article2474,11,0
Article2475,4,0
Article2476,11,0
Article2477,2,0
Article2478,5,0
Article2479,2,0
Article2480,12,0
Article2481,4,0
Article2482,4,0
Article2483,18,0
Article2484,6,0
Article2485,12,0
Article2486,2,0
Article2487,17,0
Article2488,6,0
Article2489,13,0
Article2490,12,0
Article2491,3,0
Article2492,5,0
Article2493,12,0
Article2494,13,0
Article2495,2,0
Article2496,7,0
Article2497,12,0
Article2498,13,0
Article2499,2,0
Article2500,1,0
Article2501,20,0
Article2502,14,0
Article2503,26,0
Article2504,21,0
Article2505,25,0
Article2506,24,0
Article2507,22,0
Article2508,16,0
Article2509,4,0
Article2510,14,0
Article2511,18,0
Article2512,17,0
Article2513,21,0
Article2514,24,0
Article2515,27,0
Article2516,6,0
Article2517,24,0
Article2518,20,0
Article2519,14,0
Article2520,24,0
Article2521,4,0
Article2522,4,0
Article2523,24,0
Article2524,17,0
Article2525,20,0
Article2526,20,0
Article2527,19,0
Article2528,26,0
Article2529,18,0
Article2530,24,0
Article2531,4,0
Article2532,10,0
Article2533,24,0
Article2534,4,0
Article2535,9,0
Article2536,20,0
Article2537,17,0
Article2538,23,0
Article2539,4,0
Article2540,14,0
Article2541,23,0
Article2542,18,0
Article2543,12,0
Article2544,18,0
Article2545,23,0
Article2546,16,0
Article2547,25,0
Article2548,24,0
Article2549,20,0
Article2550,8,0
Article2551,25,0
Article2552,22,0
Article2553,3,0
Article2554,24,0
Article2555,24,0
Article2556,24,0
Article2557,21,0
Article2558,24,0
Article2559,24,0
Article2560,10,0
Article2561,24,0
Article2562,10,0
Article2563,24,0
Article2564,24,0
Article2565,26,0
Article2566,21,0
Article2567,17,0
Article2568,20,0
Article2569,25,0
Article2570,20,0
Article2571,15,0
Article2572,17,0
Article2573,20,0
Article2574,20,0
Article2575,24,0
Article2576,26,0
Article2577,8,0
Article2578,22,0
Article2579,22,0
Article2580,18,0
Article2581,17,0
Article2582,4,0
Article2583,21,0
Article2584,16,0
Article2585,22,0
Article2586,15,0
Article2587,22,0
Article2588,25,0
Article2589,25,0
Article2590,26,0
Article2591,20,0
Article2592,10,0
Article2593,23,0
Article2594,24,0
Article2595,16,0
Article2596,21,0
Article2597,21,0
Article2598,17,0
Article2599,25,0
Article2600,11,0
Article2601,20,0
Article2602,14,0
Article2603,26,0
Article2604,21,0
Article2605,25,0
Article2606,24,0
Article2607,22,0
Article2608,16,0
Article2609,4,0
Article2610,14,0
Article2611,18,0
Article2612,17,0
Article2613,21,0
Article2614,24,0
Article2615,27,0
Article2616,6,0
Article2617,24,0
Article2618,20,0
Article2619,14,0
Article2620,24,0
Article2621,4,0
Article2622,4,0
Article2623,24,0
Article2624,17,0
Article2625,20,0
Article2626,20,0
Article2627,19,0
Article2628,26,0
Article2629,18,0
Article2630,24,0
Article2631,4,0
Article2632,10,0
Article2633,24,0
Article2634,4,0
Article2635,9,0
Article2636,20,0
Article2637,17,0
Article2638,23,0
Article2639,4,0
Article2640,14,0
Article2641,23,0
Article2642,18,0
Article2643,12,0
Article2644,18,0
Article2645,23,0
Article2646,16,0
Article2647,25,0
Article2648,24,0
Article2649,20,0
Article2650,8,0
Article2651,25,0
Article2652,22,0
Article2653,3,0
Article2654,24,0
Article2655,24,0
Article2656,24,0
Article2657,21,0
Article2658,24,0
Article2659,24,0
Article2660,10,0
Article2661,24,0
Article2662,10,0
Article2663,24,0
Article2664,24,0
Article2665,26,0
Article2666,21,0
Article2667,17,0
Article2668,20,0
Article2669,25,0
Article2670,20,0
Article2671,15,0
Article2672,17,0
Article2673,20,0
Article2674,20,0
Article2675,24,0
Article2676,26,0
Article2677,8,0
Article2678,22,0
Article2679,22,0
Article2680,18,0
Article2681,17,0
Article2682,4,0
Article2683,21,0
Article2684,16,0
Article2685,22,0
Article2686,15,0
Article2687,22,0
Article2688,25,0
Article2689,25,0
Article2690,26,0
Article2691,20,0
Article2692,10,0
Article2693,23,0
Article2694,24,0
Article2695,16,0
Article2696,21,0
Article2697,21,0
Article2698,17,0
Article2699,25,0
Article2700,11,0
Article2701,19,0
Article2702,26,0
Article2703,7,0
Article2704,21,0
Article2705,24,0
Article2706,4,0
Article2707,11,0
Article2708,25,0
Article2709,8,0
Article2710,27,0
Article2711,17,0
Article2712,20,0
Article2713,21,0
Article2714,25,0
Article2715,25,0
Article2716,21,0
Article2717,25,0
Article2718,23,0
Article2719,21,0
Article2720,16,0
Article2721,25,0
Article2722,20,0
Article2723,14,0
Article2724,26,0
Article2725,21,0
Article2726,25,0
Article2727,24,0
Article2728,22,0
Article2729,16,0
Article2730,4,0
Article2731,14,0
Article2732,18,0
Article2733,17,0
Article2734,21,0
Article2735,24,0
Article2736,27,0
Article2737,6,0
Article2738,24,0
Article2739,20,0
Article2740,14,0
Article2741,24,0
Article2742,4,0
Article2743,4,0
Article2744,24,0
Article2745,17,0
Article2746,20,0
Article2747,20,0
Article2748,19,0
Article2749,26,0
Article2750,18,0
Article2751,24,0
Article2752,4,0
Article2753,10,0
Article2754,24,0
Article2755,4,0
Article2756,9,0
Article2757,20,0
Article2758,17,0
Article2759,23,0
Article2760,4,0
Article2761,14,0
Article2762,23,0
Article2763,18,0
Article2764,12,0
Article2765,18,0
Article2766,23,0
Article2767,16,0
Article2768,25,0
Article2769,24,0
Article2770,20,0
Article2771,8,0
Article2772,25,0
Article2773,22,0
Article2774,3,0
Article2775,24,0
Article2776,24,0
Article2777,24,0
Article2778,21,0
Article2779,24,0
Article2780,24,0
Article2781,10,0
Article2782,24,0
Article2783,10,0
Article2784,24,0
Article2785,24,0
Article2786,26,0
Article2787,21,0
Article2788,17,0
Article2789,20,0
Article2790,25,0
Article2791,20,0
Article2792,15,0
Article2793,17,0
Article2794,20,0
Article2795,20,0
Article2796,24,0
Article2797,26,0
Article2798,8,0
Article2799,22,0
Article2800,22,0
Article2801,19,0
Article2802,26,0
Article2803,7,0
Article2804,21,0
Article2805,24,0
Article2806,4,0
Article2807,11,0
Article2808,25,0
Article2809,8,0
Article2810,27,0
Article2811,17,0
Article2812,20,0
Article2813,21,0
Article2814,25,0
Article2815,25,0
Article2816,21,0
Article2817,25,0
Article2818,23,0
Article2819,21,0
Article2820,16,0
Article2821,25,0
Article2822,20,0
Article2823,14,0
Article2824,26,0
Article2825,21,0
Article2826,25,0
Article2827,24,0
Article2828,22,0
Article2829,16,0
Article2830,4,0
Article2831,14,0
Article2832,18,0
Article2833,17,0
Article2834,21,0
Article2835,24,0
Article2836,27,0
Article2837,6,0
Article2838,24,0
Article2839,20,0
Article2840,14,0
Article2841,24,0
Article2842,4,0
Article2843,4,0
Article2844,24,0
Article2845,17,0
Article2846,20,0
Article2847,20,0
Article2848,19,0
Article2849,26,0
Article2850,18,0
Article2851,24,0
Article2852,4,0
Article2853,10,0
Article2854,24,0
Article2855,4,0
Article2856,9,0
Article2857,20,0
Article2858,17,0
Article2859,23,0
Article2860,4,0
Article2861,14,0
Article2862,23,0
Article2863,18,0
Article2864,12,0
Article2865,18,0
Article2866,23,0
Article2867,16,0
Article2868,25,0
Article2869,24,0
Article2870,20,0
Article2871,8,0
Article2872,25,0
Article2873,22,0
Article2874,3,0
Article2875,24,0
Article2876,24,0
Article2877,24,0
Article2878,21,0
Article2879,24,0
Article2880,24,0
Article2881,10,0
Article2882,24,0
Article2883,10,0
Article2884,24,0
Article2885,24,0
Article2886,26,0
Article2887,21,0
Article2888,17,0
Article2889,20,0
Article2890,25,0
Article2891,20,0
Article2892,15,0
Article2893,17,0
Article2894,20,0
Article2895,20,0
Article2896,24,0
Article2897,26,0
Article2898,8,0
Article2899,22,0
Article2900,22,0
Article2901,1,0
Article2902,20,1
Article2903,13,1
Article2904,18,1
Article2905,24,1
Article2906,16,0
Article2907,26,0
Article2908,25,1
Article2909,24,0
Article2910,12,1
Article2911,23,0
Article2912,20,0
Article2913,23,1
Article2914,16,1
Article2915,22,1
Article2916,21,1
Article2917,21,1
Article2918,15,0
Article2919,14,1
Article2920,22,1
Article2921,17,0
Article2922,6,1
Article2923,2,1
Article2924,19,0
Article2925,16,1
Article2926,25,1
Article2927,12,1
Article2928,9,0
Article2929,3,1
Article2930,6,1
Article2931,17,0
Article2932,27,0
Article2933,3,1
Article2934,17,0
Article2935,23,1
Article2936,9,0
Article2937,34,2
Article2938,20,1
Article2939,17,0
Article2940,27,1
Article2941,18,0
Article2942,3,1
Article2943,18,0
Article2944,18,0
Article2945,25,1
Article2946,12,1
Article2947,22,0
Article2948,17,0
Article2949,13,1
Article2950,25,1
Article2951,10,1
Article2952,26,1
Article2953,24,1
Article2954,25,1
Article2955,14,1
Article2956,19,0
Article2957,17,0
Article2958,16,0
Article2959,16,1
Article2960,29,0
Article2961,12,1
Article2962,14,1
Article2963,18,1
Article2964,11,1
Article2965,12,1
Article2966,27,1
Article2967,23,1
Article2968,26,1
Article2969,16,1
Article2970,20,1
Article2971,7,1
Article2972,11,1
Article2973,24,1
Article2974,28,1
Article2975,19,1
Article2976,9,0
Article2977,24,1
Article2978,13,1
Article2979,10,1
Article2980,15,1
Article2981,4,1
Article2982,25,1
Article2983,11,0
Article2984,24,0
Article2985,22,0
Article2986,11,1
Article2987,22,0
Article2988,22,0
Article2989,16,1
Article2990,19,1
Article2991,26,1
Article2992,13,1
Article2993,22,1
Article2994,22,1
Article2995,25,0
Article2996,9,1
Article2997,13,1
Article2998,9,0
Article2999,29,0
Article3000,24,1
