tweet,time,retweets,location
"@Hezzzz21 @GrtCdnNeckbeard @CountDankulaTV At least it's honest enough to say that Covid is only worse than the Flu in ""some people."" üòÇü§°üëç",2021-04-15 13:09:11,0,
"RT @GMMTV: ‚Äú‡∏ô‡∏ô‡∏ô-‡∏Å‡∏£‡∏†‡∏±‡∏ó‡∏£‡πå ‡πÄ‡∏Å‡∏¥‡∏î‡∏û‡∏±‡∏ô‡∏ò‡∏∏‡πå‚Äù ‡πÑ‡∏î‡πâ‡πÄ‡∏Ç‡πâ‡∏≤‡∏£‡∏±‡∏ö‡∏Å‡∏≤‡∏£‡∏ï‡∏£‡∏ß‡∏à‡∏´‡∏≤‡πÄ‡∏ä‡∏∑‡πâ‡∏≠ COVID-19 ‡∏ú‡∏•‡∏ï‡∏£‡∏ß‡∏à‡∏ß‡πà‡∏≤‡∏û‡∏ö‡πÄ‡∏ä‡∏∑‡πâ‡∏≠ COVID-19

#GMMTV https://t.co/OAcf66h1Ch",2021-04-15 13:09:11,5012,"‡∏Å‡∏£‡∏∏‡∏á‡πÄ‡∏ó‡∏û‡∏°‡∏´‡∏≤‡∏ô‡∏Ñ‡∏£, ‡∏õ‡∏£‡∏∞‡πÄ‡∏ó‡∏®‡πÑ‡∏ó‡∏¢"
"RT @Trelkowsky2: Grazie ai vaccini sono calati i morti di Covid?
No, grazie all'OMS che dopo un anno ha deciso di ridurre i cicli di PCR",2021-04-15 13:09:11,1,
"RT @ippatel: UP ‡§ï‡•á ‡§®‡§ø‡§µ‡§æ‡§∏‡•Ä ‡§ú‡•ã covid+ ‡§π‡•à‡§Ç ‡§µ‡•á UP Govt ‡§ï‡§æ UP Home Isolation ‡§è‡§™‡•ç‡§™ install ‡§ï‡§∞‡•á‡§Ç‡•§

‡§Ü‡§™‡§ï‡•á ‡§ú‡§®‡§™‡§¶ ‡§ï‡•á CMO office ‡§Æ‡•á‡§Ç ‡§¨‡§®‡•á ‡§ï‡§Ç‡§ü‡•ç‡§∞‡•ã‡§≤ ‡§∞‡•Ç‡§Æ ‡§∏‡•á‚Ä¶",2021-04-15 13:09:11,1563,"Ayodhya, India"
"RT @sulsitodisimone: Il rischio di trombosi¬†√® pi√π alto con il¬†Covid che con il vaccino, dice l'Universit√† di Oxford https://t.co/yL2MbDHVHe",2021-04-15 13:09:11,1,
RT @OdishaNewsTune: SAIL‚Äôs Rourkela Super Specialty Hospital to be used as Covid Care Hospital ¬† ‚Äì Odisha News Tune https://t.co/eyk7GUX0Xk‚Ä¶,2021-04-15 13:09:11,1,"Rourkela, Odisha"
"RT @richar1979BC: Hablando en serio.
Uso mucho menos las RRSS desde que comenz√≥ todo el tema del COVID.
No me hacia nada bien, pasar X tiem‚Ä¶",2021-04-15 13:09:11,7,"Eivissa, Espa√±a"
RT @karyn_nishi: Â≠¶Ê†°ÈÅãÂãï‰ºö„ÅØCovid-19„Åß„Äå‰∏≠Ê≠¢„Äç„Å†„Åå„Ç™„É™„É≥„Éî„ÉÉ„ÇØ„ÅØÈñãÂÇ¨OK„ÄÇ,2021-04-15 13:09:11,1152,Tokyo
Coronavirus en Brasil: ¬øpor qu√© tantos ni√±os mueren en ese pa√≠s por covid-19? https://t.co/6wwAC9pJU8,2021-04-15 13:09:11,0,"Washington, DC"
RT @Mippcivzla: #NotiMippCI üì∞üóû| Ejecutivo Nacional dota a hospitales de equipos m√©dicos para atender pacientes COVID-19. Lea m√°s ‚è© https://‚Ä¶,2021-04-15 13:09:11,657,
"@tsnmike @PittCabe Yeah, that‚Äôs always the olive branch. Just a bit concerning how long ago that was. I also acknow‚Ä¶ https://t.co/49zP5SfJBK",2021-04-15 13:09:11,0,dsostek@publicopinionnews.com
"RT @BCOOL333: How about that?üëá

Some evangelical Christians say covid vaccine is the mark of the beast.",2021-04-15 13:09:11,66,"Topeka, KS"
RT @ProgIntl: BREAKING: A shock poll by @DataProgress and @ProgIntl finds that 60% of US voters want @POTUS to temporarily waive patent pro‚Ä¶,2021-04-15 13:09:11,272,Antwerp / Brussels (Belgium)
RT @Invesdoctor: „Å°„Å™„Åø„Å´„ÅÇ„Åæ„ÇäÂ†±ÈÅì„Åï„Çå„Å¶„ÅÑ„Åæ„Åõ„Çì„Åå„ÄÅÂ§ßÈò™Â∫ú„Åß„ÅØÂ∞èÂÖêÁî®ICU„Çí„Å§„Å∂„Åó„Å¶Êàê‰∫∫COVID-19„ÅÆÈáçÁóáËÄÖ„ÇíÂºï„ÅçÂèó„Åë„Å¶„ÅÑ„ÇãÊñΩË®≠„Åå„ÅÇ„Çä„Åæ„Åô„ÄÇ,2021-04-15 13:09:10,634,„Éä„Éã„ÉØ
"No space in hospitals, crematoriums in Gujarat: Horrific scenes from Covid-19 crisis in state #KumbhCorona,‚Ä¶ https://t.co/PflaE35a3F",2021-04-15 13:09:10,0,"Chennai, Tamil Nadu"
RT @Limping_Chicken: New video aims to encourage Covid vaccine take-up by Deaf people from ethnic¬†minorities https://t.co/J0Y1bByKL0,2021-04-15 13:09:10,8,
"RT @DammitDamini: 3 days completely off grid. First few things on my TL: 

‚Ä¢ Kumbh Covid Spike 
‚Ä¢ People desperately seeking beds in ICU, v‚Ä¶",2021-04-15 13:09:10,7,
"Currently, 10 nations that are home to less than half the world‚Äôs population have used three-quarters of Covid-19 v‚Ä¶ https://t.co/Ouseirc5BT",2021-04-15 13:09:10,0,"Michigan, USA"
@nicknotfoundexp Por los caso COVID. Sao Paulo est√° hasta el pico. Pero lo mejor es que BRAGARNIK SE ESTA BA√ëANDO C‚Ä¶ https://t.co/o4Hhjw4vCY,2021-04-15 13:09:10,0,HD 110014c
"RT @BlogdoNoblat: CPI da Covid, j√°! 

Leia resultado de enquete no blog
https://t.co/WckC7c1YIU",2021-04-15 13:09:10,5,
"RT @DhirendraGBN: 24√ó7 Twitter ‡§∏‡•á‡§µ‡§æ ‡§ö‡§≤‡§§‡•Ä ‡§∞‡§π‡•á‡§ó‡•Ä,‡§ú‡§∞‡•Ç‡§∞‡§§‡§Æ‡§Ç‡§¶¬† ‡§µ‡•ç‡§π‡§æ‡§ü‡•ç‡§∏‡§è‡§™ 9458579800 ‡§™‡§∞ ‡§∏‡§Ç‡§¶‡•á‡§∂ ‡§™‡•ç‡§∞‡•á‡§∑‡§ø‡§§ ‡§ï‡§∞ ‡§∏‡§ï‡§§‡•á ‡§π‡•à‡§Ç‡•§‡§ï‡§à ‡§¶‡§ø‡§® ‡§∏‡•á ‡§§‡§¨‡§ø‡§Ø‡§§ ‡§†‡•Ä‡§ï ‡§®‡§π‡•Ä‡§Ç ‡§•‡•Ä,‡§ü‡•á‚Ä¶",2021-04-15 13:09:10,28,Shimla Highlander
"RT @ClaudioFMadan: #LibertadParaReynold Vicente S√°nchez. 
Priorizar los #PresosDeCastro, 1er paso del #CompromisoDemocr√°tico con la LIBERTA‚Ä¶",2021-04-15 13:09:10,12,"Miami, FL"
"RT @DrTomFrieden: Greenfield, MO lost one of its two family physicians when Dr. Michael Bennett, a frontline doctor who urged masks and dis‚Ä¶",2021-04-15 13:09:10,526,"Virginia, USA"
RT @pseudo_sapiens: So they should have by now &amp; Should still) waive have WTO/IP rules &amp; force Pfizer &amp; Moderna out of their monopoly on mR‚Ä¶,2021-04-15 13:09:10,1,
"RT @jecastelan: Y en su gustada secci√≥n ""Desaf√≠os matem√°ticos"", aqu√≠ la explicaci√≥n al 885% de las #Vacunas 

#Covid #COVID19mx #VacunaCOVI‚Ä¶",2021-04-15 13:09:10,1,BADIRAGUATO
La probabilidad de infecci√≥n de COVID-19 no es un riesgo te√≥rico. Toma todas las medidas de seguridad recomendadas. https://t.co/klQjpAoZ97,2021-04-15 13:09:10,0,MICHOAC√ÅN
"We can‚Äôt address the record breaking COVID cases today - 7,103 by doing a roadshow. 
IATF and DOH should meet ASAP‚Ä¶ https://t.co/QqqUgBgJkA",2021-04-15 13:09:10,0,"Brussels, Belgium"
"RT @doctormacias: Contra covid necesitamos ventilar: el virus se respira. Si no es posible, se construye un limpiador del aire que atrape l‚Ä¶",2021-04-15 13:09:10,957,
"RT @GMMTV: ‚Äú‡∏ô‡∏ô‡∏ô-‡∏Å‡∏£‡∏†‡∏±‡∏ó‡∏£‡πå ‡πÄ‡∏Å‡∏¥‡∏î‡∏û‡∏±‡∏ô‡∏ò‡∏∏‡πå‚Äù ‡πÑ‡∏î‡πâ‡πÄ‡∏Ç‡πâ‡∏≤‡∏£‡∏±‡∏ö‡∏Å‡∏≤‡∏£‡∏ï‡∏£‡∏ß‡∏à‡∏´‡∏≤‡πÄ‡∏ä‡∏∑‡πâ‡∏≠ COVID-19 ‡∏ú‡∏•‡∏ï‡∏£‡∏ß‡∏à‡∏ß‡πà‡∏≤‡∏û‡∏ö‡πÄ‡∏ä‡∏∑‡πâ‡∏≠ COVID-19

#GMMTV https://t.co/OAcf66h1Ch",2021-04-15 13:09:10,5016,"‡∏≠.‡πÄ‡∏°‡∏∑‡∏≠‡∏á‡∏ô‡∏Ñ‡∏£‡∏£‡∏≤‡∏ä‡∏™‡∏µ‡∏°‡∏≤, ‡∏à.‡∏ô‡∏Ñ‡∏£‡∏£‡∏≤‡∏ä‡∏™‡∏µ‡∏°"
Important and urgent news for those wanting a vaccine https://t.co/l07lM0BSkK. #COVID-19 #Coronavirus‚Ä¶ https://t.co/QZXRxc96gf,2021-04-15 13:09:10,1,
@medicoinquieto @alferdez C√≥mo te vas a morir de otra cosa habiendo COVID??? No se entiende! El pat√©tico ‚ÄúRelax m√©d‚Ä¶ https://t.co/z3OxI2QH1c,2021-04-15 13:09:10,0,
"RT @Bonnichics: El Covid nos est√° quitando lo √∫nico que no se puede recuperar, la vida y el tiempo",2021-04-15 13:09:10,885,
"RT @FacesOfCOVID: NICHELLE TUKES, 47, of Houston, Texas, died of COVID on Sept. 5, 2020. 

""My daughter was 47 years old and loved working‚Ä¶",2021-04-15 13:09:10,36,
"RT @UnivofDelhi: Vice Chancellor, Prof. PC Joshi amidst the rising #Covid 19, cases appeals to the fraternity @UnivofDelhi to follow all pr‚Ä¶",2021-04-15 13:09:10,1,"New Delhi, India"
@M_tony7011 I attempt to ü§£ I was learning for a year before covid so I need to get back into it!,2021-04-15 13:09:10,0,
"RT @tony73_: Mismo peri√≥dico, Daily Mail, 12 abril 2.021:

Cient√≠ficos del Pent√°gono han descubierto un microchip que puede reconocer el Co‚Ä¶",2021-04-15 13:09:10,14,Espa√±a-Las Palmas de G.C.
"RT @mateusno: Onyx Lorenzoni falando √† CNN que o Brasil √© um dos pa√≠ses que mais tem curados pela COVID-19.

""√â porque √© o pa√≠s com mais co‚Ä¶",2021-04-15 13:09:10,6,", Brasil üòçPromotora  vendas‚ù§Ô∏è"
"RT @ippatel: UP ‡§ï‡•á ‡§®‡§ø‡§µ‡§æ‡§∏‡•Ä ‡§ú‡•ã covid+ ‡§π‡•à‡§Ç ‡§µ‡•á UP Govt ‡§ï‡§æ UP Home Isolation ‡§è‡§™‡•ç‡§™ install ‡§ï‡§∞‡•á‡§Ç‡•§

‡§Ü‡§™‡§ï‡•á ‡§ú‡§®‡§™‡§¶ ‡§ï‡•á CMO office ‡§Æ‡•á‡§Ç ‡§¨‡§®‡•á ‡§ï‡§Ç‡§ü‡•ç‡§∞‡•ã‡§≤ ‡§∞‡•Ç‡§Æ ‡§∏‡•á‚Ä¶",2021-04-15 13:09:10,1563,‡§≠‡§æ‡§∞‡§§
"RT @DanaDabee: Ayer falleci√≥ por Covid en Talca Diego Alfonso D√≠az Loyola, de 16 a√±os,  alumno de 3ro Medio del Liceo  Javiera Carrera. Die‚Ä¶",2021-04-15 13:09:10,1628,
RT @oceanblue11oct: I hd Covid n was admitted for 6 days. This picture will stay with me. For the ones reading this tweet- they are humans‚Ä¶,2021-04-15 13:09:10,2834,
"RT @BT_India: #Covid_19 : India records highest daily surge of over 2 lakh cases

#CoronavirusIndia #WeekendCurfew 

https://t.co/sJ65vpMLR‚Ä¶",2021-04-15 13:09:09,2,
@tatonissimo @BriatOro Almeno non ti contagiano col covid.,2021-04-15 13:09:09,0,"Torino, Piemonte"
"RT @GMMTV: ‚Äú‡∏ô‡∏ô‡∏ô-‡∏Å‡∏£‡∏†‡∏±‡∏ó‡∏£‡πå ‡πÄ‡∏Å‡∏¥‡∏î‡∏û‡∏±‡∏ô‡∏ò‡∏∏‡πå‚Äù ‡πÑ‡∏î‡πâ‡πÄ‡∏Ç‡πâ‡∏≤‡∏£‡∏±‡∏ö‡∏Å‡∏≤‡∏£‡∏ï‡∏£‡∏ß‡∏à‡∏´‡∏≤‡πÄ‡∏ä‡∏∑‡πâ‡∏≠ COVID-19 ‡∏ú‡∏•‡∏ï‡∏£‡∏ß‡∏à‡∏ß‡πà‡∏≤‡∏û‡∏ö‡πÄ‡∏ä‡∏∑‡πâ‡∏≠ COVID-19

#GMMTV https://t.co/OAcf66h1Ch",2021-04-15 13:09:09,5020,jayb l jaehyun
RT @AarKiBolboBolo: Covid Hotspot yahi banayenge https://t.co/o47FRIATer,2021-04-15 13:09:09,21,"Amritsar, India"
Padahal dia jugak yg start bawak covid balik sm lepas balik dari PRU haritu üôÑ https://t.co/pATObgrzgv,2021-04-15 13:09:09,0,KL
"RT @OfficeOfLGJandK: In view of sharply rising cases of COVID in J&amp;K, the Govt has taken few important decisions ensuring safety of employe‚Ä¶",2021-04-15 13:09:09,116,Jammu ! Delhi !
@Raul_Duarte1914 @_makavelijones @tabataamaralsp @joicehasselmann ent√£o pq vc n√£o morre na linha de frente?? pq vc‚Ä¶ https://t.co/jOuSwiCVW4,2021-04-15 13:09:09,0,
"RT @christianchena: Algunos sostienen que no pod√©s contagiarte de COVID-19 comiendo un asado. Si la carne es vacuna.
.
.
ü•∫",2021-04-15 13:09:09,174,
"RT @GMMTV: ‚Äú‡∏ô‡∏ô‡∏ô-‡∏Å‡∏£‡∏†‡∏±‡∏ó‡∏£‡πå ‡πÄ‡∏Å‡∏¥‡∏î‡∏û‡∏±‡∏ô‡∏ò‡∏∏‡πå‚Äù ‡πÑ‡∏î‡πâ‡πÄ‡∏Ç‡πâ‡∏≤‡∏£‡∏±‡∏ö‡∏Å‡∏≤‡∏£‡∏ï‡∏£‡∏ß‡∏à‡∏´‡∏≤‡πÄ‡∏ä‡∏∑‡πâ‡∏≠ COVID-19 ‡∏ú‡∏•‡∏ï‡∏£‡∏ß‡∏à‡∏ß‡πà‡∏≤‡∏û‡∏ö‡πÄ‡∏ä‡∏∑‡πâ‡∏≠ COVID-19

#GMMTV https://t.co/OAcf66h1Ch",2021-04-15 13:09:09,5023,
RT @News4SA: Homeless Americans finally getting a chance at COVID-19 shot https://t.co/D8D2r8IoJa https://t.co/XEecfgUI4b,2021-04-15 13:09:09,1,"Joplin, MO"
"RT @IAIM_VE: #BuenasTardes‚úà||  ¬°El @IAIM_VE les desea una feliz tarde!

La prevenci√≥n es clave para prevenir la propagaci√≥n del Covid-19.
#‚Ä¶",2021-04-15 13:09:09,57,
"RT @OsmarTerra: Como previmos em 15/02,o cont√°gio da Covid no RS caiu na semana seguinte.Logo depois caiu n√∫mero de interna√ß√µes em enfermar‚Ä¶",2021-04-15 13:09:09,57,
"RT @drrajivguptaias: Good News amid #Covid_19 gloom !!
Today at Sakkarbaug zoo
Lioness Dhari has given birth to four cubs. Fathered by Anko‚Ä¶",2021-04-15 13:09:09,14,
"RT @ShekharGupta: Kejriwal govt reverses hospital order after non-Covid patients cry ‚Äòdo we not matter‚Äô

@AneeshaBedi reports

#ThePrintHea‚Ä¶",2021-04-15 13:09:09,2,Varanasi
RT @karyn_nishi: Â≠¶Ê†°ÈÅãÂãï‰ºö„ÅØCovid-19„Åß„Äå‰∏≠Ê≠¢„Äç„Å†„Åå„Ç™„É™„É≥„Éî„ÉÉ„ÇØ„ÅØÈñãÂÇ¨OK„ÄÇ,2021-04-15 13:09:09,1152,aichi
RT @Beatriz54973623: Deus se for da sua vontade saiba que a sua filha est√° pronta para uma vida sem Covidüôè,2021-04-15 13:09:09,1,
"RT @T4Recovery: üëáToday's Pollüëá

Who do you hold more responsible for the campaign of Covid fear by UK broadcasters?

Please vote now and RT‚Ä¶",2021-04-15 13:09:09,157,Land of the South Saxons
"RT @GMMTV: ‚Äú‡∏ô‡∏ô‡∏ô-‡∏Å‡∏£‡∏†‡∏±‡∏ó‡∏£‡πå ‡πÄ‡∏Å‡∏¥‡∏î‡∏û‡∏±‡∏ô‡∏ò‡∏∏‡πå‚Äù ‡πÑ‡∏î‡πâ‡πÄ‡∏Ç‡πâ‡∏≤‡∏£‡∏±‡∏ö‡∏Å‡∏≤‡∏£‡∏ï‡∏£‡∏ß‡∏à‡∏´‡∏≤‡πÄ‡∏ä‡∏∑‡πâ‡∏≠ COVID-19 ‡∏ú‡∏•‡∏ï‡∏£‡∏ß‡∏à‡∏ß‡πà‡∏≤‡∏û‡∏ö‡πÄ‡∏ä‡∏∑‡πâ‡∏≠ COVID-19

#GMMTV https://t.co/OAcf66h1Ch",2021-04-15 13:09:09,5023,
"RT @GMMTV: ‚Äú‡∏ô‡∏ô‡∏ô-‡∏Å‡∏£‡∏†‡∏±‡∏ó‡∏£‡πå ‡πÄ‡∏Å‡∏¥‡∏î‡∏û‡∏±‡∏ô‡∏ò‡∏∏‡πå‚Äù ‡πÑ‡∏î‡πâ‡πÄ‡∏Ç‡πâ‡∏≤‡∏£‡∏±‡∏ö‡∏Å‡∏≤‡∏£‡∏ï‡∏£‡∏ß‡∏à‡∏´‡∏≤‡πÄ‡∏ä‡∏∑‡πâ‡∏≠ COVID-19 ‡∏ú‡∏•‡∏ï‡∏£‡∏ß‡∏à‡∏ß‡πà‡∏≤‡∏û‡∏ö‡πÄ‡∏ä‡∏∑‡πâ‡∏≠ COVID-19

#GMMTV https://t.co/OAcf66h1Ch",2021-04-15 13:09:09,5023,Forgetful boy ‚ô°
"RT @GMMTV: ‚Äú‡∏ô‡∏ô‡∏ô-‡∏Å‡∏£‡∏†‡∏±‡∏ó‡∏£‡πå ‡πÄ‡∏Å‡∏¥‡∏î‡∏û‡∏±‡∏ô‡∏ò‡∏∏‡πå‚Äù ‡πÑ‡∏î‡πâ‡πÄ‡∏Ç‡πâ‡∏≤‡∏£‡∏±‡∏ö‡∏Å‡∏≤‡∏£‡∏ï‡∏£‡∏ß‡∏à‡∏´‡∏≤‡πÄ‡∏ä‡∏∑‡πâ‡∏≠ COVID-19 ‡∏ú‡∏•‡∏ï‡∏£‡∏ß‡∏à‡∏ß‡πà‡∏≤‡∏û‡∏ö‡πÄ‡∏ä‡∏∑‡πâ‡∏≠ COVID-19

#GMMTV https://t.co/OAcf66h1Ch",2021-04-15 13:09:09,5023,
RT @VTVcanal8: Lucha contra la COVID-19 | Arriban a Venezuela otras 50 mil dosis de vacunas rusas Sputnik-V y un mill√≥n de tabletas del ant‚Ä¶,2021-04-15 13:09:09,21,
"RT @LisaMarieBoothe: Vaccine passports, microchips, and lockdowns have nothing to do with fighting COVID and everything to do with the gove‚Ä¶",2021-04-15 13:09:09,4275,
"RT @JornalBSM: Senado da It√°lia aprova uso do tratamento precoce contra Covid-19

Por 212 votos a 2, senadores entenderam que o tratamento‚Ä¶",2021-04-15 13:09:09,24,
"RT @elizmcisaac: Urgent call for paid sick leave. More than 600 med students sign letter to ON government: ""Workers in Ontario should not h‚Ä¶",2021-04-15 13:09:09,2,"Toronto, Ontario, Canada"
"RT @WSA_92: Despu√©s de decir: ""El sistema de salud se relaj√≥"", a pesar de que en 2020 fallecieron +500 m√©dicos argentinos con COVID-19, Alb‚Ä¶",2021-04-15 13:09:09,52,
"RT @GMMTV: ‚Äú‡∏ô‡∏ô‡∏ô-‡∏Å‡∏£‡∏†‡∏±‡∏ó‡∏£‡πå ‡πÄ‡∏Å‡∏¥‡∏î‡∏û‡∏±‡∏ô‡∏ò‡∏∏‡πå‚Äù ‡πÑ‡∏î‡πâ‡πÄ‡∏Ç‡πâ‡∏≤‡∏£‡∏±‡∏ö‡∏Å‡∏≤‡∏£‡∏ï‡∏£‡∏ß‡∏à‡∏´‡∏≤‡πÄ‡∏ä‡∏∑‡πâ‡∏≠ COVID-19 ‡∏ú‡∏•‡∏ï‡∏£‡∏ß‡∏à‡∏ß‡πà‡∏≤‡∏û‡∏ö‡πÄ‡∏ä‡∏∑‡πâ‡∏≠ COVID-19

#GMMTV https://t.co/OAcf66h1Ch",2021-04-15 13:09:09,5023,üáÆüá©üáπüá≠
"@republic Please stop all election rallies immediately and stop assembly of more than 4 people at one place.
Let th‚Ä¶ https://t.co/PE6kg8oLkD",2021-04-15 13:09:09,0,"Gujarat, India"
RT @karyn_nishi: Â≠¶Ê†°ÈÅãÂãï‰ºö„ÅØCovid-19„Åß„Äå‰∏≠Ê≠¢„Äç„Å†„Åå„Ç™„É™„É≥„Éî„ÉÉ„ÇØ„ÅØÈñãÂÇ¨OK„ÄÇ,2021-04-15 13:09:09,1152,
"RT @Liz_Wheeler: Black Lives Matter founder Patrisse Cullors: ‚ÄúWhile the COVID-19 illness is tragic, what's more tragic is capitalism.‚Äù

Sh‚Ä¶",2021-04-15 13:09:09,141,
"RT @Porqyoaa: #Atenci√≥n üó£Epa vecino, Ay√∫danos a cortar las cadenas de transmisi√≥n y ganemos la batalla al Covid-19. M√°xima conciencia preve‚Ä¶",2021-04-15 13:09:09,306,
RT @RobertFife: Unreliable supply of Moderna COVID-19 vaccine disrupting provincial vaccination programs  https://t.co/VHjbrb0JUU,2021-04-15 13:09:08,6,"Thorndale, Ontario"
@jimcramer Sad part is they are doing the same thing with Covid deaths. If you die they test you and if u have Covi‚Ä¶ https://t.co/0fXsdgi8h6,2021-04-15 13:09:08,0,
RT @CNNEE: ‚ÄúEstaba escrito en chino‚Äù: investigan en Paraguay error al aplicar vacunas contra covid-19 de diferentes laboratorios en segunda‚Ä¶,2021-04-15 13:09:08,506,Paraguay
"RT @DarrenPlymouth: Covid-19 is up to ten times more likely to cause a blood clot than having the jab, according to new research.

Of cours‚Ä¶",2021-04-15 13:09:08,2,Already Here
"RT @portna: Ya estamos tarde para tomar decisiones. @pedropierluisi y @drcarlosmellado, t√≥mense un tiempito hoy para estudiar esta breve il‚Ä¶",2021-04-15 13:09:08,12,Puerto Rico
"leggete questo libro di #MauroRango #MovimentoIppocrate... dico a voi medici da protocollo sanitario, da  tachipiri‚Ä¶ https://t.co/M5Y8Uyf1nJ",2021-04-15 13:09:08,0,
RT @ijbrunissima: A Covid est√° tirando de n√≥s as √∫nicas coisas que n√£o podem ser recuperadas: a vida e o tempo.,2021-04-15 13:09:08,4807,"National City, CA"
"RT @mygibbo: Johnson claims vaccination success was 'because of greed.‚Äô

97% of the funding for the development of the Oxford/AstraZeneca C‚Ä¶",2021-04-15 13:09:08,261,Limbo
"RT @GMMTV: ‚Äú‡∏ô‡∏ô‡∏ô-‡∏Å‡∏£‡∏†‡∏±‡∏ó‡∏£‡πå ‡πÄ‡∏Å‡∏¥‡∏î‡∏û‡∏±‡∏ô‡∏ò‡∏∏‡πå‚Äù ‡πÑ‡∏î‡πâ‡πÄ‡∏Ç‡πâ‡∏≤‡∏£‡∏±‡∏ö‡∏Å‡∏≤‡∏£‡∏ï‡∏£‡∏ß‡∏à‡∏´‡∏≤‡πÄ‡∏ä‡∏∑‡πâ‡∏≠ COVID-19 ‡∏ú‡∏•‡∏ï‡∏£‡∏ß‡∏à‡∏ß‡πà‡∏≤‡∏û‡∏ö‡πÄ‡∏ä‡∏∑‡πâ‡∏≠ COVID-19

#GMMTV https://t.co/OAcf66h1Ch",2021-04-15 13:09:08,5023,-
"RT @aajtak: ‡§â‡§§‡•ç‡§§‡§∞ ‡§™‡•ç‡§∞‡§¶‡•á‡§∂ ‡§Æ‡•á‡§Ç ‡§ï‡•ã‡§∞‡•ã‡§®‡§æ ‡§ï‡•Ä ‡§¨‡§¢‡§º‡§§‡•Ä ‡§∞‡§´‡§º‡•ç‡§§‡§æ‡§∞ ‡§∏‡•á ‡§π‡•Å‡§Ü ‡§¨‡•Å‡§∞‡§æ ‡§π‡§æ‡§≤ 

#UttarPradesh #Lucknow #Coronavirus #Covid19 #CovidWave #CovidSurge‚Ä¶",2021-04-15 13:09:08,18,"Noida, Uttar Pradesh"
"RT @ArunDeshpande20: Average Covid-19 cases per day in last 7-days

üëâ State with Elections
Tamil Nadu: 4,804
Kerala: 4,565
West Bengal: 3,0‚Ä¶",2021-04-15 13:09:08,44,
"RT @BadBuddy_JFC: GMMTV„Åã„Çâ„ÅÆ Nanonkorapat „Åï„Çì„Å´Èñ¢„Åô„Çã„ÅîÂ†±Âëä (ÈÉ®ÂàÜË¶ÅÁ¥Ñ)
-----------
Nanon„Åï„Çì„ÅØ14Êó•„Å´COVID-19Ê§úÊüª„ÇíÂèó„Åë„ÄÅÊú¨Êó•ÈôΩÊÄß„Å®Âà§ÂÆö„Åï„Çå„Åæ„Åó„Åü„ÄÇ
ÁóáÁä∂„ÅØÁÑ°„Åè„ÄÅ„Åü„Å†‰ªäÁóÖÈô¢„ÅßÈÅ©Âàá„Å™Ê≤ªÁôÇ„ÇíÂèó„Åë„Å¶„ÅÑ„Åæ„Åô„ÄÇ 

ÂÆåÂÖ®‚Ä¶",2021-04-15 13:09:08,22,üå≥ü¶©„Ç¶„Ç£„Ç¢„É≥„Éª„Éë„Éº„Éª„É¢„Éº„ÇØü¶©üå≥
"RT @margeedo: Kaya nakakagalit kung makikita mo na ang mga Pilipino mismo, walang empathy sa mga kababayan nila, na ang pagkamatay sa COVID‚Ä¶",2021-04-15 13:09:08,161,London Institute ; Winterfell
"RT @GMMTV: ‚Äú‡∏ô‡∏ô‡∏ô-‡∏Å‡∏£‡∏†‡∏±‡∏ó‡∏£‡πå ‡πÄ‡∏Å‡∏¥‡∏î‡∏û‡∏±‡∏ô‡∏ò‡∏∏‡πå‚Äù ‡πÑ‡∏î‡πâ‡πÄ‡∏Ç‡πâ‡∏≤‡∏£‡∏±‡∏ö‡∏Å‡∏≤‡∏£‡∏ï‡∏£‡∏ß‡∏à‡∏´‡∏≤‡πÄ‡∏ä‡∏∑‡πâ‡∏≠ COVID-19 ‡∏ú‡∏•‡∏ï‡∏£‡∏ß‡∏à‡∏ß‡πà‡∏≤‡∏û‡∏ö‡πÄ‡∏ä‡∏∑‡πâ‡∏≠ COVID-19

#GMMTV https://t.co/OAcf66h1Ch",2021-04-15 13:09:08,5023,south korea 
‡¥á‡¥®‡µç‡¥®‡µç 8126 ‡¥™‡µá‡¥∞‡µç‚Äç‡¥ï‡µç‡¥ï‡µç ‡¥ï‡µä‡¥±‡µã‡¥£; ‡¥ï‡µá‡¥∞‡¥≥‡¥§‡µç‡¥§‡¥ø‡¥≤‡µç‚Äç ‡¥ü‡µÜ‡¥∏‡µç‡¥±‡µç‡¥±‡µç ‡¥™‡µã‡¥∏‡¥ø‡¥±‡µç‡¥±‡¥ø‡¥µ‡¥ø‡¥±‡µç‡¥±‡¥ø ‡¥®‡¥ø‡¥∞‡¥ï‡µç‡¥ï‡µç 13.34;  7226 ‡¥™‡µá‡¥∞‡µç‚Äç‡¥ï‡µç‡¥ï‡µç ‡¥∏‡¥Æ‡µç‡¥™‡¥∞‡µç‚Äç‡¥ï‡µç‡¥ï‡¥§‡µç‡¥§‡¥ø‡¥≤‡µÇ‡¥ü‡µÜ‚Ä¶ https://t.co/mkXVzB4IXC,2021-04-15 13:09:08,0,Kerala
RT @MIlenalis0: el COVID est√° matando la mejor edad de mi vida,2021-04-15 13:09:08,1274,"Zacatecas, M√©xico"
"RT @GMMTV: ‚Äú‡∏ô‡∏ô‡∏ô-‡∏Å‡∏£‡∏†‡∏±‡∏ó‡∏£‡πå ‡πÄ‡∏Å‡∏¥‡∏î‡∏û‡∏±‡∏ô‡∏ò‡∏∏‡πå‚Äù ‡πÑ‡∏î‡πâ‡πÄ‡∏Ç‡πâ‡∏≤‡∏£‡∏±‡∏ö‡∏Å‡∏≤‡∏£‡∏ï‡∏£‡∏ß‡∏à‡∏´‡∏≤‡πÄ‡∏ä‡∏∑‡πâ‡∏≠ COVID-19 ‡∏ú‡∏•‡∏ï‡∏£‡∏ß‡∏à‡∏ß‡πà‡∏≤‡∏û‡∏ö‡πÄ‡∏ä‡∏∑‡πâ‡∏≠ COVID-19

#GMMTV https://t.co/OAcf66h1Ch",2021-04-15 13:09:08,5023,"Kota Makassar,Sulawesi Selatan"
RT @FoxNews: Seventh clot case involving Johnson &amp; Johnson COVID-19 vaccine revealed https://t.co/bOqK53dnet,2021-04-15 13:09:08,65,"Florida, USA"
RT @ijbrunissima: A Covid est√° tirando de n√≥s as √∫nicas coisas que n√£o podem ser recuperadas: a vida e o tempo.,2021-04-15 13:09:08,4808,Campo Grande - MS
"RT @ManjushaBharti5: #postpone ssc chsl

Chsl aspirant are also students ..dnt play with their healt...they are not superheroes ...with imm‚Ä¶",2021-04-15 13:09:08,6,
"RT @JornalBSM: Senado da It√°lia aprova uso do tratamento precoce contra Covid-19

Por 212 votos a 2, senadores entenderam que o tratamento‚Ä¶",2021-04-15 13:09:08,24,
Walang kikitain ang Merck sa Ivermectin and this is the reason why. I appeal to the media to stop using Merck's non‚Ä¶ https://t.co/FaifuFK8YP,2021-04-15 13:09:08,0,Republic of the Philippines
The financial condition of the United States worsened by $10 trillion https://t.co/u1xIFm3dm9,2021-04-15 13:09:08,0,"Houston, TX"
"Mira que hay que ser hijo de puta eh. MIS HIJOS TODAVIA NO TUVIERON COVID COMO VOS, ALBERTO CINICO DE MIERDA. SORET‚Ä¶ https://t.co/MUej3qRa01",2021-04-15 13:09:08,0,Argentina
RT @drivingmemadi: g6 chemical has been found in the covid vaccine. side effects include gettin slizzard,2021-04-15 13:09:08,7834,
RT @svenja_lohmann: In Sweden you can get a special ring when you obtain a PhD (https://t.co/h9bROh7X7n)! Due to covid I'm not sure if I wi‚Ä¶,2021-04-15 13:09:08,823,Starfleet Academy
"RT @BrazilFight: AT√â A FOLHA ASSUME QUE O OBJETIVO DA CPI DA COVID √â FAZER POL√çTICA.
Potenciais candidatos em 2022 ter√£o palanque antecipad‚Ä¶",2021-04-15 13:09:08,28,"Belo Horizonte, Brasil"
"RT @NikhilaHenry: In Kurnool, violating Covid norms, people gather in numbers to throw cow dung cakes at one another as part Ugadi celebrat‚Ä¶",2021-04-15 13:09:08,835,"GUDUR,S.P.S.R.NELLORE(DT)"
RT @fascinatorfun: At least 97% of the funding for the development of the Oxford/AstraZeneca Covid-19 vaccine has been identified as coming‚Ä¶,2021-04-15 13:09:08,118,
RT @digvijaya_28: Bhopal crematoriums flooded with bodies: 187 cremated following Covid norms while records show only 5 deaths - Cities New‚Ä¶,2021-04-15 13:09:08,319,"Delhi, India"
